{
    "hola assignacion_2": 127.27510905265808
}    "hola assignacion_8": 122.50952458381653,
    "hola assignacion_9": 122.5758535861969,
    "hola assignacion_14": 122.10424757003784,
    "hola assignacion_10": 122.53231239318848,
    "hola assignacion_13": 122.21167612075806,
    "hola assignacion_11": 122.5768735408783,
    "hola assignacion_12": 122.51307845115662,
    "hola assignacion_0": 126.74373459815979,
    "hola assignacion_5": 126.75447034835815,
    "hola assignacion_1": 127.16833424568176,
    "hola assignacion_3": 127.25462245941162
}